"t","h","v","T"
0.0,10.0,-2.0,2.61976397872632e-8
0.004244012914885964,9.991498070679066,-2.006381314765175,4.264960494684241e-9
0.014215858060367736,9.971417701757092,-2.021285354083067,2.388210310066974e-9
0.02985638722992201,9.939616948405117,-2.0448524543029745,1.6755277208044705e-9
0.05112151575406365,9.895799496522425,-2.0765791528837245,1.3050276483037872e-9
0.07795274258266938,9.839533489468142,-2.117073267161367,1.081597088000506e-9
0.11027646383670442,9.770331015578252,-2.1652234261274876,9.35159111517839e-10
0.14800405964269836,9.687557208681476,-2.222251131955698,8.344509262003363e-10
0.19103211124336172,9.590572836541227,-2.286241829612055,7.635329601392841e-10
0.23924267675943578,9.478578520674406,-2.359240371498742,7.135502814138567e-10
0.2925036116816264,9.350833744395693,-2.4382986772237376,6.793349199000646e-10
0.35066892992121446,9.206424377434839,-2.5265531016905314,6.578455136080876e-10
0.41357920342174426,9.04456861705492,-2.6197105116135595,6.474077192653988e-10
0.4810619988789413,8.864295946803091,-2.7223797124770024,6.473537144413503e-10
0.5529323502298207,8.664851124009786,-2.828457555210913,6.579005490785329e-10
0.6289932655542148,8.44527049199266,-2.9446197471449476,6.802209284443352e-10
0.7090362669704597,8.204899183849522,-3.0621876642382473,7.16742207657548e-10
0.7928419620310792,7.942843256089996,-3.1909359282046847,7.71820560173286e-10
0.8801806450447784,7.658628206621184,-3.3181861619231987,8.531748071148622e-10
0.9708129266724608,7.35148216876254,-3.458887972448977,9.7510615756865e-10
1.0644903900692326,7.021207501800303,-3.5931758674355128,1.1666011439841214e-9
1.1609562717725836,6.66716095479248,-3.7465139621350976,1.4956892371127246e-9
1.2599461654696316,6.289619741181588,-3.8817260266844107,2.166931814148756e-9
1.3611887467139385,5.887693075753851,-4.059129899575623,4.2041684942180786e-9
1.46440651660516,5.46575678019568,-4.064124391752803,2.9192649928811996
1.569316562392941,5.048869289977752,-3.883011024755836,2.9999999959973294
1.67563133292015,4.643755165297827,-3.7384495018559174,2.999999998035314
1.7830594267799196,4.251323236935727,-3.5667270386900087,2.9999999987093124
1.8913063910261423,3.873626560135314,-3.4126233689731285,2.9999999990425286
2.0000755282481704,3.5116277986828655,-3.24263614122237,2.9999999992395554
2.1090687097975493,3.1668520461440015,-3.0850039495671058,2.9999999993685544
2.217987192937774,2.8399539666920304,-2.916477885311091,2.999999999458706
2.3265324396772975,2.532034898330162,-2.7582677767883372,2.9999999995245736
2.434406935041432,2.2433750965400843,-2.5922756359589325,2.9999999995742246
2.5413150025403133,1.9746749144385614,-2.4357461005140024,2.9999999996124758
2.6469636145977953,1.725830835071831,-2.2737305507061074,2.9999999996423714
2.751063195719967,1.4971628061315096,-2.120877243851613,2.9999999996659166
2.8533284162018844,1.2882007839239484,-1.964396676229513,2.999999999684477
2.9534789741970653,1.0989149756109928,-1.8170662048994428,2.9999999996990003
3.051240364006211,0.9285049183124483,-1.6676955489932561,2.9999999997101536
3.14634462847942,0.7766337182147421,-1.5276174360812007,2.999999999718403
3.2385310934697404,0.6422215632144017,-1.3868963818486866,2.999999999724065
3.3275470823251965,0.524678063315427,-1.2556877062844753,2.9999999997273403
3.4131486084612224,0.42270685737049063,-1.1250872783208117,2.9999999997283275
3.495101044115737,0.33552639235196224,-1.0042468349069893,2.9999999997270357
3.5731797634546663,0.26169502683004287,-0.885144609274696,2.999999999723381
3.6471707582666055,0.20030820285347795,-0.7760428862111374,2.999999999717175
3.716871224561431,0.14985532919724087,-0.6697031476310508,2.9999999997081073
3.782090118469328,0.10937953832994113,-0.5735708215113213,2.9999999996957025
3.842648679924542,0.07737919305713623,-0.48112816857423013,2.9999999996792592
3.898380922714094,0.05291487112389088,-0.39904436580440955,2.9999999996577453
3.94913408958059,0.03456993265964419,-0.32149023663411763,2.9999999996296154
3.994769071203158,0.021487697079584946,-0.2543710686207667,2.9999999995924886
4.03516078807929,0.012407508119855354,-0.192543253313759,2.999999999542539
4.070198534714035,0.006612799061194407,-0.14113047929315556,2.999999999473241
4.099786286535199,0.0030621244954678333,-0.09570648562811927,2.9999999993725375
4.123842973539347,0.0012250129306766717,-0.06055475337850318,2.9999999992154702
4.14230274177862,0.00033300000999154445,-0.03205242117722344,2.999999998940736
4.155115344451021,7.217737040089981e-5,-0.01350671350761834,2.9999999983469574
4.162248518069816,-7.239442528507415e-6,-0.0023098381183976682,2.999999996166597
0.0,10.0,-2.0,2.6197487309162525e-8
0.0042440129149881045,9.991498070678858,-2.0063813147653353,4.264935689297275e-9
0.014215858060710573,9.971417701756398,-2.021285354083565,2.388196420834057e-9
0.029856387230642323,9.93961694840364,-2.044852454304085,1.675517976981714e-9
0.05112151575529644,9.89579949651986,-2.0765791528855275,1.3050200614716068e-9
0.07795274258454965,9.839533489464154,-2.1170732671642507,1.0815908018149447e-9
0.11027646383936407,9.77033101557249,-2.1652234261313836,9.35153677837693e-10
0.14800405964626817,9.687557208673537,-2.222251131961163,8.344460783228827e-10
0.19103211124796937,9.590572836530693,-2.286241829618813,7.635285249828692e-10
0.23924267676520627,9.478578520660788,-2.35924037150758,7.135461367681434e-10
0.29250361168868166,9.350833744378493,-2.43829867723408,6.793309739337641e-10
0.35066892992967236,9.20642437741347,-2.526553101703508,6.578416921693946e-10
0.4135792034317196,9.04456861702879,-2.61971051162815,6.474039584173019e-10
0.48106199889054446,8.864295946771508,-2.722379712494899,6.473499541389544e-10
0.5529323502431573,8.664851123972074,-2.8284575552295634,6.57896727613582e-10
0.628993265569386,8.445270491948246,-2.9446197471617674,6.802169775934075e-10
0.7090362669875616,8.204899183798391,-3.0621876642449952,7.167380445856917e-10
0.7928419620502025,7.942843256031723,-3.1909359282221654,7.718160773721149e-10
0.8801806450660081,7.658628206553743,-3.3181861619540642,8.531698518639124e-10
0.9708129266958767,7.351482168685337,-3.458887972466176,9.751004947760445e-10
1.064490390094908,7.021207501714243,-3.593175867442147,1.166594369303648e-9
1.1609562718005857,6.667160954696699,-3.7465139621516106,1.495680553077263e-9
1.2599461655000215,6.289619741075646,-3.8817260266916622,2.1669192367936913e-9
1.3611887467467705,5.887693075636129,-4.059129899610469,4.204144085084984e-9
1.4644065166404814,5.465756780067558,-4.064124391687836,2.919264994601595
1.5693165624307928,5.048869289854486,-3.8830110245671765,2.999999995997353
1.675631332960566,4.643755165183345,-3.7384495016991712,2.9999999980353254
1.7830594268229267,4.251323236828311,-3.5667270385330134,2.99999999870932
1.8913063910717605,3.8736265600352557,-3.412623368828159,2.9999999990425343
2.0000755282964118,3.511627798589953,-3.2426361410759252,2.99999999923956
2.10906870984842,3.166852046058531,-3.0850039494291828,2.999999999368558
2.217987192991272,2.8399539666152602,-2.9164778851368847,2.999999999458709
2.3265324397334135,2.5320348982625123,-2.758267776701298,2.9999999995245763
2.43440693510015,2.2433750964718224,-2.5922756359144348,2.999999999574227
2.5413150026016096,1.9746749143675857,-2.4357461004867162,2.9999999996124784
2.64696361466164,1.7258308349976383,-2.2737305506656815,2.9999999996423736
2.7510631957863225,1.4971628060584665,-2.1208772437794567,2.999999999665919
2.853328416270706,1.2882007838521485,-1.9643966761680038,2.9999999996844786
2.953478974268303,1.0989149755418517,-1.8170662048388164,2.999999999699002
3.0512403640798067,0.9285049182441596,-1.6676955489301284,2.9999999997101554
3.1463446285553096,0.7766337181515348,-1.5276174359976094,2.999999999718405
3.238531093547854,0.6422215631564391,-1.3868963817688273,2.999999999724067
3.3275470824054567,0.5246780632616556,-1.2556877061905785,2.9999999997273417
3.413148608543547,0.42270685732417074,-1.1250872782273362,2.999999999728329
3.4951010442000383,0.33552639231185044,-1.004246834814335,2.9999999997270375
3.573179763540851,0.2616950267949783,-0.885144609183151,2.999999999723382
3.6471707583545747,0.20030820282490014,-0.7760428861117535,2.999999999717177
3.716871224651082,0.14985532917335131,-0.6697031475407195,2.999999999708109
3.7820901185605518,0.10937953831384839,-0.5735708214054387,2.9999999996957043
3.8426486800172266,0.0773791930477195,-0.48112816848689804,2.9999999996792615
3.8983809228081228,0.05291487111841391,-0.3990443657536248,2.9999999996577476
3.949134089675843,0.03456993265595369,-0.32149023658360554,2.9999999996296176
3.994769071299511,0.02148769707820623,-0.2543710685546821,2.9999999995924913
4.0351607881766185,0.012407508121783279,-0.19254325330320024,2.9999999995425415
4.070198534812208,0.006612799059985965,-0.14113047928079572,2.999999999473244
4.099786286634085,0.0030621244966272175,-0.09570648561675263,2.999999999372541
4.123842973638814,0.0012250129312747955,-0.06055475341611417,2.9999999992154747
4.142302741878531,0.00033300000968895864,-0.032052421193250094,2.9999999989407424
4.155115344551242,7.217737057121766e-5,-0.013506713506410035,2.999999998346967
4.162248518170209,-7.239442574945667e-6,-0.002309838118936265,2.9999999961666193
0.0,10.0,-2.0,2.620187021987034e-8
0.0042440129148486605,9.99149807067914,-2.0063813147650964,4.2656491901880305e-9
0.014215858060242503,9.971417701757344,-2.021285354082902,2.3885959541305183e-9
0.02985638722965911,9.939616948405655,-2.044852454302503,1.6757982821039026e-9
0.0511215157536129,9.895799496523354,-2.076579152883116,1.3052383820267225e-9
0.07795274258198237,9.8395334894696,-2.117073267160182,1.081771744143775e-9
0.11027646383573297,9.770331015580348,-2.165223426126156,9.353101234392109e-10
0.14800405964139451,9.687557208684385,-2.222251131953493,8.345856744646458e-10
0.19103211124167907,9.59057283654507,-2.2862418296097298,7.6365625635234e-10
0.23924267675732835,9.478578520679397,-2.3592403714952197,7.136655069506662e-10
0.2925036116790498,9.350833744401974,-2.4382986772201622,6.794446203220626e-10
0.35066892991812537,9.206424377442676,-2.526553101685401,6.579517439842814e-10
0.41357920341810095,9.044568617064472,-2.6197105116085067,6.475122641512714e-10
0.4810619988747036,8.864295946814677,-2.7223797124699747,6.474582507452968e-10
0.5529323502249499,8.664851124023569,-2.8284575552044915,6.580067887631953e-10
0.6289932655486741,8.445270492008996,-2.944619747136149,6.803307727698194e-10
0.7090362669642138,8.204899183868706,-3.0621876642271855,7.168579500199807e-10
0.792841962024095,7.9428432561125115,-3.190935928195151,7.719451973333063e-10
0.8801806450370249,7.658628206646518,-3.3181861619207713,8.533125823185361e-10
0.9708129266639087,7.35148216879107,-3.458887972443246,9.752636246768674e-10
1.0644903900598555,7.021207501832011,-3.593175867433541,1.1667895372329782e-9
1.1609562717623567,6.667160954827896,-3.746513962127846,1.4959307807900605e-9
1.2599461654585327,6.289619741220686,-3.881726026683989,2.1672817722957982e-9
1.361188746701948,5.887693075796799,-4.059129899573249,4.204847540008284e-9
1.4644065165922602,5.465756780242012,-4.064124391756277,2.91926499295914
1.5693165623791168,5.048869290028342,-3.883011024744714,2.999999995996683
1.6756313329053893,4.643755165351555,-3.7384495018774957,2.9999999980349967
1.7830594267642126,4.2513232369905065,-3.5667270387083185,2.999999998709104
1.8913063910094818,3.8736265601895683,-3.4126233690407792,2.999999999042374
2.0000755282305516,3.5116277987313587,-3.2426361412942573,2.999999999239433
2.109068709778971,3.166852046188744,-3.0850039496354666,2.9999999993684523
2.217987192918236,2.8399539667295173,-2.916477885382282,2.9999999994586184
2.3265324396568032,2.532034898365917,-2.758267776853437,2.999999999524497
2.4344069350199873,2.2433750965692045,-2.5922756360646106,2.9999999995741558
2.5413150025179267,1.9746749144615767,-2.435746100563036,2.9999999996124136
2.6469636145744784,1.7258308350926936,-2.2737305507463623,2.9999999996423137
2.751063195695733,1.4971628061506563,-2.1208772438720986,2.999999999665863
2.8533284161767494,1.2882007839431304,-1.964396676247426,2.9999999996844258
2.953478974171048,1.098914975630561,-1.8170662049208757,2.999999999698952
3.051240363979333,0.9285049183304097,-1.6676955490234187,2.999999999710107
3.146344628451704,0.7766337182307889,-1.5276174361097357,2.9999999997183577
3.238531093441212,0.6422215632291927,-1.3868963818773374,2.9999999997240208
3.327547082295884,0.5246780633281697,-1.2556877063062062,2.9999999997272964
3.4131486084311558,0.42270685738378516,-1.125087278351227,2.9999999997282836
3.495101044084948,0.3355263923636651,-1.0042468349448606,2.9999999997269917
3.57317976342319,0.2616950268383933,-0.8851446093177809,2.999999999723336
3.647170758234478,0.20030820285982712,-0.7760428862598447,2.99999999971713
3.7168712245286892,0.14985532920138286,-0.6697031476713188,2.99999999970806
3.7820901184360114,0.10937953833262569,-0.5735708215460938,2.9999999996956532
3.8426486798906923,0.07737919305672934,-0.48112816862104085,2.9999999996792077
3.8983809226797534,0.05291487112586899,-0.39904436583394515,2.9999999996576903
3.9491340895458023,0.03456993266436077,-0.3214902366508626,2.9999999996295554
3.9947690711679678,0.021487697081992944,-0.25437106862219055,2.999999999592423
4.035160788043744,0.012407508122514881,-0.19254325331633043,2.999999999542465
4.07019853467818,0.0066127990613662835,-0.14113047927042818,2.9999999994731557
4.099786286499084,0.003062124496997234,-0.09570648560214808,2.999999999372436
4.12384297350302,0.0012250129315624907,-0.06055475335807879,2.9999999992153437
4.14230274174213,0.0003330000104032361,-0.03205242117192837,2.9999999989405652
4.155115344414418,7.21773708738208e-5,-0.013506713507560133,2.9999999983466905
4.1622485180331505,-7.239442624342723e-6,-0.002309838118531952,2.999999996165978
0.0,10.0,-2.0,2.5872784435483772e-8
0.004244012914830897,9.991498070679173,-2.0063813147657514,4.212074172092811e-9
0.01421585806018344,9.971417701757451,-2.0212853540836853,2.358596045917992e-9
0.02985638722953521,9.93961694840588,-2.0448524543037263,1.654750855987664e-9
0.05112151575340107,9.89579949652373,-2.076579152884474,1.2888450579556612e-9
0.07795274258165907,9.839533489470169,-2.1170732671618766,1.0681850806779587e-9
0.11027646383527512,9.770331015581148,-2.1652234261279566,9.235629641824626e-10
0.14800405964078012,9.687557208685456,-2.222251131955545,8.241035804553049e-10
0.19103211124088593,9.59057283654645,-2.286241829611913,7.540650111189805e-10
0.23924267675633515,9.478578520681138,-2.3592403714975747,7.047021276673036e-10
0.29250361167783545,9.350833744404111,-2.438298677222656,6.709110433429816e-10
0.3506689299166694,9.20642437744527,-2.5265531016879974,6.496881104957415e-10
0.4135792034163841,9.044568617067561,-2.6197105116112818,6.393797478560383e-10
0.4810619988727065,8.86429594681833,-2.7223797124727964,6.393264144866537e-10
0.5529323502226544,8.664851124027841,-2.82845755520739,6.497424685560341e-10
0.6289932655460626,8.445270492013972,-2.944619747138759,6.717860742837164e-10
0.7090362669612704,8.204899183874446,-3.0621876642305628,7.078544878369348e-10
0.7928419620208036,7.94284325611911,-3.19093592819641,7.622498666114988e-10
0.8801806450333707,7.658628206654247,-3.318186161923608,8.425953205444679e-10
0.9708129266598784,7.351482168799865,-3.4588879724410737,9.630147274924096e-10
1.0644903900554363,7.021207501842663,-3.5931758674258742,1.1521352008617893e-9
1.160956271757537,6.667160954840748,-3.746513962119385,1.4771427084606793e-9
1.259946165453302,6.289619741235823,-3.881726026677848,2.14006247488585e-9
1.3611887466962969,5.887693075814413,-4.05912989956123,4.15204526387141e-9
1.4644065165861806,5.4657567802610885,-4.0641243917908305,2.919264992063582
1.569316562372602,5.048869290041259,-3.883011024843267,2.9999999960469608
1.675631332898433,4.643755165357846,-3.738449501926381,2.999999998059676
1.78305942675681,4.251323236994048,-3.5667270387516736,2.9999999987253174
1.89130639100163,3.873626560191394,-3.4126233690436916,2.9999999990544013
2.0000755282222484,3.511627798736759,-3.242636141272229,2.999999999248985
2.1090687097702148,3.1668520461974583,-3.085003949616219,2.9999999993763846
2.217987192909028,2.839953966745191,-2.916477885370562,2.999999999465418
2.3265324396471443,2.5320348983803758,-2.7582677768280113,2.999999999530469
2.4344069350098807,2.2433750965903747,-2.592275635999051,2.9999999995795044
2.5413150025073765,1.9746749144872622,-2.4357461005543026,2.9999999996172813
2.6469636145634894,1.725830835117943,-2.2737305507567775,2.999999999646806
2.751063195684312,1.4971628061755833,-2.120877243889058,2.9999999996700595
2.8533284161649037,1.2882007839665908,-1.9643966762719824,2.9999999996883893
2.9534789741587866,1.0989149756526613,-1.8170662049487718,2.999999999702733
3.0512403639666656,0.9285049183503762,-1.6676955490490544,2.999999999713748
3.1463446284386416,0.7766337182497542,-1.5276174361357053,2.999999999721895
3.238531093427768,0.642221563248771,-1.3868963818968503,2.999999999727487
3.3275470822820696,0.5246780633457193,-1.2556877063323806,2.999999999730721
3.413148608416986,0.42270685739752345,-1.12508727837871,2.9999999997316964
3.4951010440704384,0.33552639237608195,-1.0042468349730587,2.9999999997304205
3.5731797634083557,0.26169502684880996,-0.885144609343917,2.999999999726811
3.6471707582193362,0.2003082028686189,-0.7760428862844513,2.9999999997206825
3.7168712245132585,0.14985532920995426,-0.6697031476982601,2.999999999711727
3.78209011842031,0.10937953833742756,-0.5735708215709421,2.999999999699476
3.8426486798747392,0.07737919305597739,-0.48112816863784214,2.9999999996832365
3.898380922663569,0.052914871120349094,-0.39904436584565495,2.9999999996619895
3.9491340895294074,0.03456993265292273,-0.321490236633517,2.999999999634208
3.9947690711513832,0.021487697072635877,-0.25437106863104375,2.999999999597542
4.035160788026992,0.01240750811367654,-0.19254325333768643,2.9999999995482116
4.070198534661284,0.006612799050875899,-0.14113047929429262,2.999999999479773
4.099786286482063,0.003062124492996367,-0.09570648562542727,2.999999999380318
4.1238429734859,0.0012250129336567315,-0.06055475336732054,2.9999999992251984
4.142302741724933,0.0003330000087275618,-0.03205242118058857,2.9999999989538715
4.155115344397169,7.217736980744813e-5,-0.013506713505292419,2.9999999983674557
4.162248518015871,-7.239442522999088e-6,-0.002309838119992733,2.999999996214132
0.0,10.0,-2.0,2.619784083269486e-8
0.004244012914870421,9.991498070679096,-2.0063813147651386,4.2649932382784876e-9
0.014215858060315778,9.971417701757195,-2.021285354083019,2.388228646247428e-9
0.029856387229812764,9.939616948405341,-2.044852454302756,1.675540585906368e-9
0.051121515753876245,9.895799496522804,-2.0765791528835225,1.3050376709367556e-9
0.07795274258238383,9.839533489468748,-2.1170732671608232,1.081605396428101e-9
0.1102764638363003,9.770331015579112,-2.1652234261270187,9.351662962903727e-10
0.14800405964215613,9.687557208682685,-2.2222511319546934,8.344573381124803e-10
0.19103211124266206,9.59057283654281,-2.2862418296112192,7.635388275951667e-10
0.23924267675855937,9.478578520676484,-2.3592403714971515,7.135557651422149e-10
0.29250361168055505,9.350833744398287,-2.438298677222434,6.793401405910231e-10
0.35066892991992993,9.206424377438104,-2.5265531016882266,6.578505689692263e-10
0.41357920342022925,9.04456861705887,-2.6197105116117108,6.474126944675745e-10
0.48106199887717915,8.864295946807914,-2.722379712473829,6.473586894362147e-10
0.5529323502277952,8.664851124015481,-2.82845755520888,6.579056053512908e-10
0.6289932655519108,8.445270491999413,-2.9446197471413016,6.802261562838283e-10
0.7090362669678625,8.204899183857481,-3.0621876642322152,7.167477163587669e-10
0.792841962028175,7.942843256099514,-3.1909359281996785,7.718264924441298e-10
0.8801806450415541,7.6586282066317635,-3.318186161924455,8.531813648949736e-10
0.9708129266689045,7.3514821687743455,-3.45888797244527,9.751136534752317e-10
1.0644903900653333,7.021207501813745,-3.593175867428578,1.166610112154244e-9
1.1609562717683308,6.667160954808111,-3.7465139621255776,1.4957007378139508e-9
1.2599461654650161,6.289619741199343,-3.881726026677022,2.1669484846160493e-9
1.3611887467089525,5.88769307577379,-4.059129899571235,4.204200884771534e-9
1.464406516599796,5.465756780218265,-4.064124391723425,2.919264993347092
1.5693165623871925,5.048869290007363,-3.8830110246917093,2.9999999959972987
1.675631332914012,4.643755165334515,-3.7384495018050004,2.9999999980352987
1.783059426773388,4.251323236981175,-3.566727038609376,2.9999999987093027
1.8913063910192143,3.8736265601882276,-3.412623368958458,2.999999999042521
2.000075528240844,3.511627798735461,-3.242636141260789,2.9999999992395496
2.109068709789824,3.166852046190781,-3.0850039496644124,2.9999999993685496
2.2179871929296495,2.8399539667314726,-2.9164778853471405,2.999999999458702
2.3265324396687754,2.53203489837407,-2.7582677767133177,2.99999999952457
2.4344069350325146,2.2433750965926733,-2.592275635937139,2.999999999574221
2.5413150025310043,1.9746749144854732,-2.4357461006352024,2.999999999612473
2.6469636145880995,1.7258308351070843,-2.2737305507895726,2.9999999996423687
2.75106319570989,1.4971628061617155,-2.1208772439082164,2.9999999996659144
2.8533284161914327,1.288200783946389,-1.96439667631761,2.9999999996844746
2.9534789741862464,1.0989149756295737,-1.817066204937085,2.999999999698998
3.051240363995034,0.928504918328079,-1.6676955490022571,2.9999999997101514
3.1463446284678946,0.7766337182311723,-1.5276174360696364,2.999999999718401
3.238531093457878,0.642221563232219,-1.3868963818601232,2.9999999997240634
3.3275470823130076,0.5246780633315252,-1.2556877062913085,2.999999999727338
3.41314860844872,0.42270685738702857,-1.1250872783399177,2.9999999997283253
3.4951010441029338,0.33552639236741744,-1.0042468349272056,2.9999999997270335
3.573179763441577,0.26169502684341595,-0.885144609300991,2.9999999997233786
3.647170758253246,0.2003082028650638,-0.7760428862282178,2.9999999997171733
3.716871224547816,0.14985532920804573,-0.669703147634755,2.999999999708105
3.782090118455474,0.10937953833986662,-0.5735708215147264,2.9999999996957003
3.842648679910466,0.07737919306091963,-0.4811281686167881,2.999999999679257
3.898380922699814,0.05291487112699635,-0.39904436582885466,2.9999999996577427
3.949134089566124,0.034569932661308825,-0.3214902366600028,2.9999999996296123
3.9947690711885246,0.02148769708170319,-0.2543710686220768,2.9999999995924855
4.035160788064509,0.012407508123489253,-0.19254325334240605,2.9999999995425357
4.070198534699125,0.006612799059038519,-0.14113047931434075,2.999999999473237
4.099786286520182,0.003062124496660851,-0.09570648563849293,2.9999999993725326
4.123842973524241,0.0012250129324847781,-0.06055475338537332,2.999999999215464
4.142302741763446,0.00033300001042744343,-0.032052421179512874,2.999999998940728
4.1551153444358,7.217737120682717e-5,-0.013506713506723446,2.9999999983469445
4.16224851805457,-7.23944274154291e-6,-0.0023098381189344385,2.9999999961665678
0.0,10.0,-2.0,2.619819580315598e-8
0.004244012914822459,9.991498070679192,-2.006381314765059,4.265051033969904e-9
0.014215858060155906,9.971417701757519,-2.0212853540827975,2.388261009407838e-9
0.029856387229477033,9.939616948406023,-2.0448524543022155,1.6755632910353302e-9
0.05112151575330115,9.895799496523999,-2.0765791528827116,1.3050553553401798e-9
0.07795274258150675,9.8395334894706,-2.117073267159423,1.0816200533447659e-9
0.11027646383505973,9.770331015581801,-2.165223426125254,9.35178968709639e-10
0.14800405964049124,9.687557208686382,-2.222251131952043,8.344686458538836e-10
0.1910321112405131,9.59057283654773,-2.2862418296081746,7.6354917436668e-10
0.2392426767558682,9.47857852068283,-2.3592403714928536,7.13565434594208e-10
0.29250361167726435,9.35083374440632,-2.4382986772178112,6.793493465006359e-10
0.3506689299159851,9.206424377448066,-2.526553101681863,6.578594835867496e-10
0.41357920341557675,9.044568617071072,-2.619710511605307,6.474214676818412e-10
0.4810619988717675,8.864295946822647,-2.7223797124648343,6.473674620077951e-10
0.552932350221575,8.664851124033076,-2.828457555201401,6.579145206621107e-10
0.6289932655448349,8.445270492020216,-2.9446197471270645,6.802353742132622e-10
0.7090362669598864,8.204899183882466,-3.0621876642111983,7.167574294162279e-10
0.7928419620192559,7.942843256129345,-3.190935928175759,7.718369516963245e-10
0.8801806450316527,7.658628206666756,-3.3181861619029247,8.531929266922628e-10
0.9708129266579835,7.35148216881506,-3.458887972416901,9.751268679451858e-10
1.0644903900533584,7.0212075018608,-3.59317586740201,1.1666259222228338e-9
1.1609562717552708,6.667160954862077,-3.746513962090539,1.4957210084939895e-9
1.2599461654508426,6.289619741260567,-3.8817260266526845,2.1669778534904268e-9
1.3611887466936399,5.887693075843294,-4.059129899519413,4.204257882333451e-9
1.4644065165833222,5.465756780292921,-4.064124391814752,2.9192649909723603
1.5693165623695386,5.048869290066502,-3.8830110249386918,2.9999999959972445
1.6756313328951622,4.643755165375205,-3.738449501999941,2.999999998035272
1.7830594267533297,4.25132323700286,-3.566727038850864,2.9999999987092854
1.8913063909979382,3.873626560191595,-3.412623369112681,2.999999999042508
2.000075528218344,3.5116277987313262,-3.2426361413201596,2.9999999992395394
2.109068709766098,3.166852046189573,-3.0850039496306834,2.999999999368541
2.2179871929046984,2.839953966730999,-2.916477885417597,2.9999999994586943
2.326532439642603,2.5320348983663785,-2.7582677768546784,2.9999999995245634
2.434406935005129,2.2433750965754267,-2.592275636020709,2.9999999995742153
2.541315002502416,1.9746749144717803,-2.435746100551555,2.9999999996124678
2.646963614558323,1.7258308351064178,-2.2737305507186067,2.999999999642364
2.751063195678942,1.4971628061677438,-2.1208772438672767,2.9999999996659095
2.853328416159334,1.288200783960613,-1.9643966762610732,2.99999999968447
2.9534789741530214,1.098914975646926,-1.8170662049341542,2.999999999698994
3.0512403639607095,0.9285049183471804,-1.6676955490262653,2.999999999710148
3.1463446284325003,0.7766337182471565,-1.527617436125125,2.9999999997183973
3.238531093421446,0.6422215632440565,-1.386896381890981,2.9999999997240594
3.327547082275575,0.5246780633427056,-1.2556877063199459,2.9999999997273346
3.413148608410324,0.4227068573962863,-1.1250872783647543,2.9999999997283218
3.4951010440636163,0.33552639237511184,-1.0042468349554285,2.99999999972703
3.5731797634013813,0.26169502685024904,-0.885144609319535,2.999999999723375
3.6471707582122175,0.2003082028713998,-0.7760428862729644,2.9999999997171694
3.7168712245060034,0.14985532921278666,-0.6697031476809467,2.9999999997081015
3.7820901184129276,0.10937953834376522,-0.5735708215655743,2.999999999695696
3.8426486798672386,0.07737919306584981,-0.4811281686428236,2.9999999996792526
3.8983809226559596,0.05291487113366392,-0.3990443658602768,2.9999999996577382
3.949134089521699,0.03456993267259881,-0.32149023666979093,2.9999999996296074
3.994769071143586,0.02148769708788132,-0.25437106867110026,2.99999999959248
4.035160788019116,0.012407508127001874,-0.19254325339320907,2.9999999995425295
4.070198534653338,0.006612799065242256,-0.14113047933676945,2.99999999947323
4.09978628647406,0.0030621244986696237,-0.09570648565109277,2.999999999372524
4.123842973477851,0.0012250129329115234,-0.06055475339046796,2.9999999992154534
4.142302741716847,0.0003330000108618924,-0.0320524211784576,2.999999998940714
4.155115344389058,7.217737059100233e-5,-0.013506713507272176,2.9999999983469223
4.162248518007747,-7.239442538892404e-6,-0.00230983811844946,2.999999996166516
0.0,10.0,-2.0,2.6198096084514974e-8
0.004244012913243722,9.991498070682363,-2.0063813147626255,4.265034804176584e-9
0.014215858054867248,9.971417701768203,-2.0212853540750286,2.3882519239808267e-9
0.029856387218369917,9.939616948428752,-2.0448524542852735,1.6755569170924968e-9
0.05112151573428303,9.895799496563479,-2.076579152854609,1.3050503916940746e-9
0.07795274255250684,9.839533489532018,-2.1170732671153596,1.0816159391204526e-9
0.110276463794035,9.770331015670608,-2.165223426064455,9.351754114107591e-10
0.14800405958543128,9.68755720880877,-2.2222511318685845,8.344654719443503e-10
0.19103211116944574,9.590572836710185,-2.286241829502604,7.635462702767391e-10
0.23924267666686583,9.478578520892832,-2.3592403713582364,7.135627208844512e-10
0.29250361156844806,9.350833744671638,-2.438298677055777,6.793467628701523e-10
0.3506689297855301,9.206424377777667,-2.5265531014850615,6.578569818044244e-10
0.41357920326171826,9.044568617474164,-2.619710511375502,6.474190059360105e-10
0.4810619986928042,8.864295947309797,-2.722379712195521,6.473650009626725e-10
0.5529323500158747,8.664851124614858,-2.8284575549010866,6.579120199398472e-10
0.6289932653108388,8.445270492707822,-2.9446197467819344,6.80232789230914e-10
0.7090362666961127,8.204899184694817,-3.0621876636529595,7.167547063706856e-10
0.7928419617243052,7.942843257085891,-3.1909359277396807,7.718340207954615e-10
0.8801806447042104,7.658628207749209,-3.3181861617844732,8.531896888660467e-10
0.9708129262968244,7.351482170031024,-3.458887972110606,9.751231698891236e-10
1.0644903896573499,7.021207503226137,-3.5931758671466305,1.1666215041591203e-9
1.1609562713233752,6.667160956391676,-3.746513961667482,1.4957153576873237e-9
1.259946164982121,6.289619742969204,-3.8817260263016653,2.1669697098031167e-9
1.3611887461872545,5.887693077749064,-4.059129898923711,4.204242399560509e-9
1.464406516038538,5.465756782390172,-4.064124391978097,2.9192649785887426
1.569316561785726,5.048869292249254,-3.8830110258867028,2.99999999599726
1.6756313322717986,4.64375516761033,-3.738449502879477,2.9999999980352796
1.783059426090001,4.2513232392938605,-3.566727039627221,2.9999999987092902
1.89130639029434,3.873626562536734,-3.412623370030502,2.9999999990425117
2.000075527474282,3.5116278010919295,-3.242636142548314,2.9999999992395425
2.1090687089814883,3.166852048524714,-3.085003951346398,2.9999999993685433
2.217987192079569,2.8399539689762427,-2.9164778874242865,2.9999999994586966
2.326532438777093,2.5320349005380454,-2.758267778330357,2.999999999524565
2.434406934099488,2.2433750986903624,-2.592275637603985,2.999999999574217
2.5413150015570034,1.9746749165314894,-2.435746101849766,2.999999999612469
2.646963613573607,1.7258308371122644,-2.2737305522862075,2.999999999642365
2.7510631946554995,1.4971628080839157,-2.120877245589553,2.999999999665911
2.853328415097847,1.288200785771308,-1.964396678154429,2.9999999996844715
2.9534789730542768,1.0989149773360163,-1.8170662068573453,2.999999999698995
3.051240362825596,0.9285049199098326,-1.6676955510118243,2.9999999997101487
3.146344627262006,0.7766337196865553,-1.5276174379191028,2.999999999718398
3.238531092216657,0.642221564568855,-1.3868963837922268,2.9999999997240607
3.32754708103767,0.5246780645372372,-1.2556877082456295,2.9999999997273354
3.413148607140574,0.4227068584683657,-1.1250872802352907,2.9999999997283227
3.4951010427633786,0.3355263933231503,-1.0042468368615955,2.999999999727031
3.5731797620720975,0.2616950276791481,-0.8851446111380661,2.999999999723376
3.6471707568554073,0.20030820359684973,-0.7760428878963714,2.9999999997171702
3.7168712231232637,0.14985532983936795,-0.6697031495216874,2.9999999997081024
3.7820901170059256,0.10937953886776088,-0.5735708231190799,2.999999999695697
3.8426486784377074,0.07737919350730299,-0.48112817038015643,2.999999999679254
3.8983809212056952,0.052914871464498726,-0.39904436811506566,2.9999999996577396
3.9491340880525536,0.03456993290240073,-0.3214902386054641,2.9999999996296087
3.9947690696574636,0.02148769722825933,-0.25437107090604877,2.9999999995924815
4.0351607865179675,0.01240750818953768,-0.19254325516653012,2.999999999542531
4.070198533139155,0.006612799071014111,-0.14113048069085904,2.9999999994732316
4.09978628494887,0.0030621244889428544,-0.09570648538574673,2.9999999993725264
4.12384297194371,0.0012250129367254146,-0.0605547531128886,2.9999999992154565
4.14230274017584,0.000333000011726461,-0.03205242149421567,2.999999998940718
4.155115342843284,7.217737057267675e-5,-0.013506713396975695,2.9999999983469285
4.16224851645932,-7.2394425064245875e-6,-0.0023098381726421933,2.9999999961665305
0.0,10.0,-2.0,2.619769723683239e-8
0.004244012914834894,9.991498070679167,-2.0063813147650835,4.264969867853426e-9
0.01421585806019765,9.971417701757435,-2.021285354082849,2.388215560310912e-9
0.02985638722956452,9.939616948405847,-2.0448524543023723,1.6755314038206157e-9
0.05112151575345125,9.89579949652369,-2.0765791528829047,1.3050305200309285e-9
0.07795274258173546,9.839533489470115,-2.1170732671598245,1.0815994696123612e-9
0.11027646383538325,9.770331015581103,-2.1652234261256806,9.351611718325214e-10
0.14800405964092556,9.687557208685417,-2.2222511319528007,8.344527653909268e-10
0.19103211124107355,9.590572836546453,-2.286241829608901,7.635346434455308e-10
0.23924267675657007,9.478578520681175,-2.35924037149409,7.135518549033406e-10
0.29250361167812255,9.350833744404234,-2.4382986772188864,6.793364181031425e-10
0.3506689299170138,9.206424377445465,-2.526553101683737,6.578469642191371e-10
0.41357920341679,9.044568617067899,-2.61971051160669,6.474091468875506e-10
0.4810619988731788,8.864295946818793,-2.722379712467711,6.473551420736665e-10
0.5529323502231973,8.66485112402852,-2.8284575552016227,6.579019996561247e-10
0.6289932655466803,8.44527049201487,-2.9446197471326854,6.802224284736163e-10
0.7090362669619665,8.204899183875582,-3.0621876642253065,7.167437886269682e-10
0.7928419620215819,7.942843256120457,-3.190935928189756,7.71822262567632e-10
0.8801806450342349,7.658628206655922,-3.318186161916953,8.531766890541468e-10
0.9708129266608316,7.351482168801943,-3.4588879724319908,9.751083092123306e-10
1.0644903900564815,7.021207501845443,-3.5931758674156735,1.1666037177780114e-9
1.1609562717586768,6.667160954844142,-3.746513962108225,1.495692540414164e-9
1.2599461654545392,6.289619741240114,-3.8817260266647486,2.1669366029630256e-9
1.3611887466976333,5.887693075819689,-4.059129899544548,4.204177804228252e-9
1.4644065165876183,5.465756780268005,-4.064124391769214,2.9192649920922613
1.5693165623741425,5.048869290049993,-3.8830110248241145,2.9999999959973205
1.6756313329000783,4.64375516536801,-3.7384495019129718,2.99999999803531
1.7830594267585607,4.251323237004694,-3.566727038744759,2.99999999870931
1.8913063910034869,3.8736265602027506,-3.4126233690322447,2.9999999990425263
2.0000755282242118,3.5116277987493696,-3.242636141258058,2.999999999239554
2.1090687097722856,3.166852046211015,-3.0850039496081654,2.999999999368553
2.2179871929112056,2.839953966758423,-2.9164778853465294,2.9999999994587045
2.3265324396494287,2.5320348983980225,-2.7582677767988235,2.9999999995245727
2.4344069350122712,2.243375096609934,-2.5922756359806107,2.9999999995742237
2.541315002509872,1.9746749145082638,-2.4357461005543994,2.9999999996124753
2.646963614566088,1.7258308351387828,-2.273730550759577,2.9999999996423705
2.751063195687013,1.4971628061969773,-2.120877243885386,2.999999999665916
2.853328416167705,1.2882007839866485,-1.9643966762892788,2.999999999684476
2.9534789741616865,1.098914975671075,-1.8170662049621606,2.999999999699
3.0512403639696615,0.9285049183667269,-1.6676955490560603,2.999999999710153
3.1463446284417307,0.7766337182645107,-1.5276174361388075,2.9999999997184026
3.2385310934309475,0.6422215632622239,-1.386896381907015,2.9999999997240647
3.327547082285337,0.5246780633584587,-1.2556877063344851,2.9999999997273394
3.4131486084203373,0.4227068574094209,-1.1250872783788568,2.999999999728327
3.49510104407387,0.33552639238736565,-1.004246834977778,2.9999999997270352
3.573179763411864,0.26169502685916957,-0.8851446093480226,2.99999999972338
3.6471707582229174,0.20030820287851642,-0.7760428862894502,2.9999999997171747
3.7168712245169075,0.1498553292163503,-0.669703147699254,2.999999999708107
3.7820901184240237,0.10937953834672469,-0.5735708215696405,2.9999999996957016
3.842648679878512,0.07737919307344024,-0.48112816864259933,2.999999999679259
3.8983809226673967,0.05291487113481514,-0.39904436585641534,2.9999999996577444
3.9491340895332847,0.034569932665301714,-0.321490236674918,2.9999999996296145
3.9947690711553054,0.021487697084594408,-0.25437106865577286,2.9999999995924878
4.035160788030955,0.012407508125782942,-0.1925432533569116,2.999999999542538
4.07019853466528,0.006612799063671976,-0.1411304793268535,2.9999999994732396
4.099786286486088,0.0030621244977586588,-0.09570648565439709,2.999999999372536
4.123842973489949,0.0012250129321404114,-0.06055475340127612,2.9999999992154684
4.142302741729,0.0003330000102288209,-0.03205242118863004,2.999999998940734
4.155115344401247,7.21773701816387e-5,-0.013506713504820925,2.999999998346954
4.1622485180199575,-7.2394424454115295e-6,-0.0023098381197376575,2.9999999961665886
0.0,10.0,-2.0,2.6198775389319384e-8
0.004244012914886408,9.991498070679064,-2.0063813147651794,4.2651453901554345e-9
0.014215858060369957,9.971417701757089,-2.0212853540830533,2.3883138452334573e-9
0.02985638722992645,9.939616948405105,-2.0448524543030104,1.6756003597229543e-9
0.05112151575407076,9.895799496522406,-2.0765791528836695,1.3050842271925645e-9
0.07795274258268048,9.83953348946811,-2.1170732671614907,1.0816439820342079e-9
0.11027646383672018,9.770331015578211,-2.165223426127557,9.351996575467622e-10
0.14800405964271968,9.687557208681413,-2.222251131955951,8.344871066834944e-10
0.19103211124338926,9.590572836541154,-2.286241829612091,7.635660661893052e-10
0.2392426767594702,9.478578520674303,-2.3592403714990677,7.135812206739777e-10
0.2925036116816686,9.350833744395572,-2.438298677223732,6.793643754669937e-10
0.35066892992126486,9.20642437743468,-2.5265531016909355,6.578740371238902e-10
0.41357920342180376,9.044568617054734,-2.6197105116135417,6.474357903722222e-10
0.4810619988790106,8.864295946802855,-2.722379712477418,6.473817833702402e-10
0.5529323502299004,8.6648511240095,-2.82845755521133,6.579290753262286e-10
0.6289932655543053,8.445270491992332,-2.944619747143752,6.802504225747686e-10
0.7090362669705619,8.204899183849411,-3.062187664234968,7.167732854496958e-10
0.7928419620311933,7.942843256089901,-3.1909359282048695,7.71854026263767e-10
0.880180645044905,7.658628206621465,-3.3181861619132738,8.532118008178359e-10
0.9708129266726004,7.351482168762894,-3.4588879724609702,9.751484389686058e-10
1.0644903900693858,7.0212075017990605,-3.5931758674500194,1.1666517285571033e-9
1.1609562717727506,6.6671609547898525,-3.7465139621514827,1.4957540926751023e-9
1.259946165469813,6.289619741177435,-3.881726026695533,2.1670257796394923e-9
1.3611887467141346,5.887693075747845,-4.059129899603443,4.204350819884484e-9
1.464406516605371,5.4657567801887375,-4.0641243917160095,2.919264994042501
1.5693165623931669,5.048869289979705,-3.883011024650672,2.9999999959971557
1.6756313329203913,4.64375516530889,-3.7384495017740975,2.999999998035229
1.7830594267801763,4.251323236959179,-3.5667270385459564,2.9999999987092565
1.8913063910264145,3.873626560172071,-3.4126233688831933,2.9999999990424873
2.000075528248458,3.511627798730327,-3.242636141092539,2.9999999992395225
2.109068709797853,3.166852046207176,-3.08500394944334,2.999999999368527
2.2179871929380934,2.839953966764347,-2.9164778852058526,2.9999999994586823
2.3265324396776323,2.5320348984151617,-2.758267776745964,2.9999999995245528
2.4344069350417827,2.2433750966258588,-2.5922756359762937,2.999999999574206
2.541315002540679,1.9746749145243163,-2.4357461005078753,2.9999999996124593
2.6469636145981763,1.7258308351559501,-2.2737305507411962,2.999999999642356
2.7510631957203633,1.4971628062131475,-2.1208772438567993,2.9999999996659024
2.853328416202295,1.2882007840039331,-1.964396676259432,2.999999999684463
2.9534789741974903,1.0989149756872705,-1.8170662049494382,2.9999999996989875
3.0512403640066506,0.9285049183827425,-1.667695549046229,2.999999999710141
3.146344628479873,0.7766337182800216,-1.5276174361307624,2.999999999718391
3.2385310934702067,0.6422215632762761,-1.3868963819012292,2.9999999997240536
3.3275470823256756,0.5246780633713968,-1.2556877063421468,2.9999999997273283
3.4131486084617135,0.4227068574214271,-1.1250872783856236,2.9999999997283155
3.49510104411624,0.33552639239659776,-1.0042468349843579,2.999999999727024
3.5731797634551805,0.261695026867449,-0.8851446093537824,2.999999999723369
3.647170758267131,0.20030820288778006,-0.7760428863011581,2.999999999717163
3.716871224561966,0.14985532922971412,-0.6697031477125436,2.999999999708095
3.7820901184698728,0.10937953835787405,-0.5735708215937465,2.999999999695689
3.8426486799250954,0.07737919308394323,-0.4811281686612212,2.9999999996792455
3.8983809227146553,0.05291487114278465,-0.39904436587683517,2.9999999996577307
3.949134089581159,0.03456993267375994,-0.3214902366697923,2.999999999629599
3.994769071203733,0.02148769709076001,-0.25437106869257925,2.999999999592471
4.035160788079871,0.012407508128778442,-0.19254325338092532,2.9999999995425193
4.070198534714621,0.006612799066878563,-0.14113047936161363,2.9999999994732183
4.099786286535789,0.003062124499274986,-0.09570648568487512,2.99999999937251
4.123842973539941,0.00122501293519067,-0.06055475339854173,2.999999999215436
4.142302741779216,0.0003330000109684188,-0.032052421189184596,2.9999999989406905
4.15511534445162,7.217736968293289e-5,-0.013506713504242068,2.999999998346886
4.162248518070415,-7.2394423338262965e-6,-0.0023098381202192307,2.999999996166431
0.0,10.0,-2.0,2.619879806314455e-8
0.004244012914861539,9.991498070679114,-2.0063813147651217,4.265149081508078e-9
0.014215858060286912,9.971417701757254,-2.0212853540829783,2.3883159106843357e-9
0.029856387229751924,9.939616948405467,-2.0448524543026516,1.6756018092402725e-9
0.051121515753771885,9.895799496523022,-2.0765791528833755,1.3050853562900243e-9
0.07795274258222484,9.839533489469085,-2.117073267160558,1.0816449172223209e-9
0.11027646383607559,9.770331015579602,-2.1652234261267025,9.352004664661914e-10
0.1480040596418546,9.68755720868336,-2.2222511319541964,8.34487828485585e-10
0.1910321112422726,9.590572836543707,-2.2862418296106743,7.635667266103063e-10
0.23924267675807176,9.47857852067764,-2.3592403714963464,7.135818377567497e-10
0.29250361167995864,9.350833744399747,-2.4382986772216095,6.793649629245767e-10
0.35066892991921494,9.206424377439914,-2.526553101687033,6.578746059992644e-10
0.41357920341938614,9.044568617061085,-2.6197105116105766,6.474363498995291e-10
0.4810619988761984,8.86429594681059,-2.722379712472132,6.473823427711274e-10
0.5529323502266681,8.664851124018675,-2.828457555207649,6.579296436135502e-10
0.6289932655506285,8.445270492003159,-2.9446197471394795,6.802510101583478e-10
0.7090362669664172,8.204899183861851,-3.062187664231122,7.167739040046111e-10
0.7928419620265588,7.942843256104539,-3.19093592819693,7.718546916545221e-10
0.8801806450397598,7.6586282066376965,-3.3181861619213024,8.532125355875774e-10
0.9708129266669254,7.351482168781222,-3.458887972440286,9.75149276818869e-10
1.0644903900631633,7.021207501821749,-3.5931758674243945,1.166652729095714e-9
1.160956271765964,6.667160954817287,-3.746513962120257,1.4957553695154368e-9
1.259946165462448,6.289619741209823,-3.8817260266725335,2.167027611977586e-9
1.3611887467061776,5.88769307578593,-4.0591298995586245,4.204354196913365e-9
1.4644065165968105,5.465756780230761,-4.064124391763874,2.9192649923801945
1.5693165623839933,5.048869290011974,-3.883011024800631,2.999999995997152
1.6756313329105963,4.64375516532992,-3.7384495018895163,2.999999998035227
1.7830594267697533,4.251323236966761,-3.566727038721768,2.9999999987092556
1.891306391015359,3.8736265601655737,-3.412623368992054,2.9999999990424864
2.0000755282367666,3.511627798715487,-3.2426361412044744,2.999999999239522
2.1090687097855243,3.166852046181572,-3.0850039495438795,2.9999999993685265
2.2179871929251282,2.8399539667327005,-2.9164778853483093,2.999999999458682
2.3265324396640326,2.5320348983640475,-2.758267776872526,2.9999999995245528
2.434406935027552,2.2433750965704116,-2.592275635980104,2.9999999995742055
2.5413150025258235,1.9746749144688878,-2.4357461005149674,2.999999999612459
2.6469636145827034,1.7258308351080278,-2.2737305506299714,2.9999999996423554
2.751063195704282,1.497162806174505,-2.1208772438453676,2.999999999665902
2.853328416185616,1.2882007839652658,-1.9643966762626721,2.999999999684463
2.9534789741802254,1.0989149756507919,-1.8170662049396422,2.999999999698987
3.051240363988814,0.928504918348093,-1.667695549035259,2.999999999710141
3.146344628461481,0.7766337182485963,-1.5276174361209103,2.9999999997183906
3.238531093451276,0.6422215632459837,-1.3868963818708648,2.999999999724053
3.327547082306224,0.5246780633447874,-1.25568770629564,2.9999999997273283
3.413148608441762,0.42270685739917707,-1.125087278338424,2.9999999997283155
3.495101044095809,0.33552639237874254,-1.0042468349435532,2.9999999997270237
3.573179763434293,0.26169502685404133,-0.885144609309242,2.9999999997233684
3.647170758245811,0.2003082028757251,-0.7760428862483723,2.9999999997171627
3.716871224540239,0.1498553292186249,-0.669703147644038,2.9999999997080944
3.782090118447764,0.10937953835195524,-0.5735708215324634,2.999999999695689
3.842648679902633,0.07737919307264826,-0.48112816858401536,2.999999999679245
3.8983809226918673,0.05291487114132749,-0.3990443658229473,2.9999999996577302
3.9491340895580738,0.03456993267226775,-0.3214902367734199,2.999999999629599
3.9947690711803814,0.021487697084522726,-0.2543710686409104,2.999999999592471
4.035160788056284,0.012407508124187661,-0.1925432533678419,2.999999999542519
4.070198534690828,0.006612799061665628,-0.14113047933140777,2.9999999994732174
4.099786286511824,0.0030621244965795534,-0.095706485652068,2.9999999993725095
4.123842973515835,0.0012250129319613676,-0.06055475340447779,2.9999999992154356
4.142302741755001,0.00033300000986114626,-0.03205242118165935,2.9999999989406896
4.15511534442733,7.217737021341495e-5,-0.013506713506826647,2.999999998346884
4.162248518046084,-7.23944249436662e-6,-0.002309838118860847,2.9999999961664274
